{
    "mse": 0.0020486129556841677,
    "mae": 0.03364902416924163,
    "rmse": 0.04526160575680195,
    "mse_train": 0.0015575278792195914,
    "mae_train": 0.029632685413742636,
    "rmse_train": 0.03946552773268833
}