{
    "mse": 0.0049655344776092245,
    "mae": 0.05322731497682749,
    "rmse": 0.07046654864266608,
    "mse_train": 0.0048955604307071125,
    "mae_train": 0.052945930229628735,
    "rmse_train": 0.06996828160464649
}