{
    "train_loss": [
        0.14454475355314764,
        0.04508324121025965,
        0.032733286552606745,
        0.02707169660703933,
        0.023611006648973264,
        0.021442365629519237,
        0.019713015023103738,
        0.018541599460382092,
        0.017531671343331643,
        0.016721245213510826,
        0.01596185734168567,
        0.015444287326820988,
        0.014784113503992558,
        0.01430265152172998,
        0.01390852051925786,
        0.013567377005683933,
        0.013173903890964674,
        0.012866250288851083,
        0.012468902292621738,
        0.012259096192057305,
        0.012011803064911447,
        0.011804645742349167,
        0.011419667101940735,
        0.010997062677794949,
        0.010792302790078078,
        0.010507467368795992,
        0.010248710366679317,
        0.010069949780293602,
        0.009836929320219033,
        0.009574710218077327,
        0.009419129004682157,
        0.009261287042890932,
        0.009073314056335453,
        0.008469063282121924,
        0.008345269936166624,
        0.008323889527905812,
        0.008226688883138543,
        0.008208400415048557,
        0.008132959724691241,
        0.007797051015547774,
        0.007772080902446141,
        0.0076964201041536924,
        0.007662619173061103,
        0.00761576210386417,
        0.007602798480025315,
        0.007414309579155784,
        0.007381537322331458
    ],
    "valid_loss": [
        0.03429269533426989,
        0.020536193890230998,
        0.014256145147281506,
        0.012018531339154356,
        0.010236517755344274,
        0.009181895788522467,
        0.008088390705072217,
        0.008540366524978289,
        0.008359833779404796,
        0.007362268325532713,
        0.0066826895677617616,
        0.0065317941674341755,
        0.006573551910973731,
        0.006756902971704092,
        0.006111544069080125,
        0.006544886101480751,
        0.005704126487086926,
        0.006603619660295192,
        0.005721545386468134,
        0.005661925707485468,
        0.00541133835305652,
        0.005409371137382492,
        0.005495851500965063,
        0.00646873150715634,
        0.005583715647281636,
        0.005324514967108529,
        0.00498069358605241,
        0.006235416797507141,
        0.005391674637351008,
        0.005707626652327322,
        0.005906885127640433,
        0.006118023265448827,
        0.006688212321716405,
        0.006532770019793321,
        0.006605550790915177,
        0.006771858596789931,
        0.008181631402482115,
        0.007752343576164946,
        0.0057804476477146625,
        0.0073673361875412485,
        0.007370253888121437,
        0.006992842876426284,
        0.006632475208284127,
        0.007117568906987943,
        0.0061925728768405935,
        0.0065497842558201345,
        0.007190652842086459
    ],
    "epoch_duration": [
        498.01893496513367,
        498.4587781429291,
        498.3625614643097,
        498.63688588142395,
        498.40892338752747,
        498.4228935241699,
        498.34505701065063,
        498.1854131221771,
        497.94756150245667,
        498.1336872577667,
        497.69521951675415,
        498.2041816711426,
        498.21425318717957,
        498.177148103714,
        498.0773048400879,
        498.2002251148224,
        498.06811237335205,
        498.2454569339752,
        498.10903334617615,
        498.1485586166382,
        498.20121335983276,
        498.1563193798065,
        498.1616132259369,
        498.1377372741699,
        497.58931374549866,
        497.83939909935,
        497.43076848983765,
        497.5934135913849,
        497.4819669723511,
        497.68800592422485,
        497.71755266189575,
        497.73810625076294,
        497.8650469779968,
        497.8320119380951,
        497.7735404968262,
        497.7185401916504,
        497.71804118156433,
        497.54104948043823,
        497.6708707809448,
        497.8209590911865,
        497.47247886657715,
        498.0037565231323,
        497.743275642395,
        497.8966484069824,
        497.72875714302063,
        497.61653780937195,
        497.8945224285126
    ],
    "best_epoch": 27,
    "best_valid_loss": 0.00498069358605241,
    "lr": [
        0.001,
        0.001,
        0.001,
        0.001,
        0.001,
        0.001,
        0.001,
        0.001,
        0.001,
        0.001,
        0.001,
        0.001,
        0.001,
        0.001,
        0.001,
        0.001,
        0.001,
        0.001,
        0.001,
        0.001,
        0.001,
        0.001,
        0.001,
        0.001,
        0.001,
        0.001,
        0.001,
        0.001,
        0.001,
        0.001,
        0.001,
        0.001,
        0.0005,
        0.0005,
        0.0005,
        0.0005,
        0.0005,
        0.0005,
        0.00025,
        0.00025,
        0.00025,
        0.00025,
        0.00025,
        0.00025,
        0.000125,
        0.000125,
        0.000125
    ]
}