{
    "train_loss": [
        0.2996592429327838,
        0.1211913243292811,
        0.07180726154647926,
        0.05532523157431724,
        0.047312087369488276,
        0.04108291422512303,
        0.03732132733343763,
        0.035027135589576146,
        0.032890055719961196,
        0.03191024994854122,
        0.03077953236989994,
        0.029917138802046155,
        0.02884688472593243,
        0.028265008618658844,
        0.02791983158169116,
        0.027103632272399487,
        0.02674408847505742,
        0.026277882745489478,
        0.02561922370396713,
        0.025258273812644977,
        0.024870525094422887,
        0.0244347966979555,
        0.024043219837736576,
        0.023525149031403535,
        0.023399823122320973,
        0.022785202258246692,
        0.0229032346681553,
        0.02243366437726357,
        0.02221640846394795
    ],
    "valid_loss": [
        0.14496066172917685,
        0.07593342502202306,
        0.05673548517127832,
        0.0491005675423713,
        0.03733606435476788,
        0.03498474301563369,
        0.03174067653774742,
        0.02746378206130531,
        0.025532166237041118,
        0.026140411827890647,
        0.025085661486382523,
        0.024901992656172267,
        0.022282673755571955,
        0.01937484677644476,
        0.020874450500640605,
        0.018595045048093038,
        0.01977580710358563,
        0.02119645026941148,
        0.018077885939015284,
        0.01565823791223386,
        0.016244709595210023,
        0.01893940158484001,
        0.016627822455669208,
        0.016265444243178953,
        0.015538592172402239,
        0.016266624923677198,
        0.017352131254497975,
        0.01561618439616665,
        0.015063867726851077
    ],
    "epoch_duration": [
        130.35659313201904,
        130.92705392837524,
        130.93029356002808,
        131.19121885299683,
        130.94928240776062,
        131.06036734580994,
        131.24801301956177,
        130.91488027572632,
        130.88265919685364,
        131.00572395324707,
        130.87946105003357,
        130.98388528823853,
        131.07369232177734,
        130.89317989349365,
        131.27048921585083,
        131.24746584892273,
        130.9030270576477,
        130.99034357070923,
        130.87762355804443,
        131.05004405975342,
        130.7980649471283,
        130.85846638679504,
        131.0023648738861,
        131.14225101470947,
        130.90572547912598,
        131.29795122146606,
        130.82300281524658,
        130.86480593681335,
        130.92156982421875
    ],
    "best_epoch": 29,
    "best_valid_loss": 0.015063867726851077,
    "lr": [
        0.001,
        0.001,
        0.001,
        0.001,
        0.001,
        0.001,
        0.001,
        0.001,
        0.001,
        0.001,
        0.001,
        0.001,
        0.001,
        0.001,
        0.001,
        0.001,
        0.001,
        0.001,
        0.001,
        0.001,
        0.001,
        0.001,
        0.001,
        0.001,
        0.001,
        0.001,
        0.001,
        0.001,
        0.001
    ]
}