{
    "mse": [
        0.002847350900992751,
        0.0026302498299628496,
        0.002759031020104885,
        0.0036564881447702646
    ],
    "mae": [
        0.0405421108007431,
        0.03873645141720772,
        0.039505135267972946,
        0.043690118938684464
    ],
    "rmse": [
        0.05336057440651057,
        0.05128596133410048,
        0.0525264792281463,
        0.06046890229506622
    ],
    "mse_train": [
        0.002308661350980401,
        0.0020906294230371714,
        0.002239516470581293,
        0.0029760415200144053
    ],
    "mae_train": [
        0.03680025413632393,
        0.034737925976514816,
        0.03576617315411568,
        0.0398583859205246
    ],
    "rmse_train": [
        0.04804853120523458,
        0.04572340126277978,
        0.04732352977728197,
        0.054553107336011625
    ]
}