{
    "mse": 0.010107858174864853,
    "rmse": 0.10053784449084262,
    "mae": 0.0727504479388396,
    "mse_train": 0.006594728173172855,
    "mae_train": 0.0603155146471839,
    "rmse_train": 0.08120793171342842
}