{
    "mse": [
        0.027269546208637103,
        0.025631596999508992,
        0.031498730182647705,
        0.03855695282774312,
        0.01921811726476465,
        0.01995749611939703,
        0.03490731439420155,
        0.03249795043042728,
        0.019020442052611282,
        0.01784194526927812,
        0.022197896348578588,
        0.018491734085338458,
        0.026929596572050025,
        0.033709718978830745,
        0.020509745659572736,
        0.02940288611820766,
        0.02178030088543892,
        0.03032562349523817,
        0.02536377789718764,
        0.023465432226657867
    ],
    "rmse": [
        0.16513493333827675,
        0.1600987101744077,
        0.17747881615180924,
        0.1963592443144532,
        0.13862942423874036,
        0.14127100240104842,
        0.18683499242433563,
        0.1802718792003547,
        0.13791461870523836,
        0.13357374468539138,
        0.1489895846983224,
        0.13598431558580004,
        0.16410239660666148,
        0.1836020669241791,
        0.14321223990837073,
        0.17147269787988892,
        0.14758150590585162,
        0.17414253786837428,
        0.15926009511860667,
        0.15318430803009123
    ],
    "mae": [
        0.12184543481894902,
        0.11962569292102541,
        0.1306426940219743,
        0.13934739891971862,
        0.10427579603024892,
        0.10639163638864245,
        0.13610228576830455,
        0.13545600537742888,
        0.10362252380166735,
        0.10103407608611244,
        0.11167099752596446,
        0.10299908689090184,
        0.121275894343853,
        0.13512834906578064,
        0.10798972312893186,
        0.12865223309823445,
        0.11087539472750255,
        0.12995750989232743,
        0.11767470623765673,
        0.1146122430052076
    ]
}