{
    "mse": 0.026110477937710663,
    "rmse": 0.1615873693631735,
    "mae": 0.11939939590437072
}