{
    "mse": 0.026103378044411776,
    "rmse": 0.16156539866076455,
    "mae": 0.11933943871704358,
    "mse_train": 0.023910342599265277,
    "mae_train": 0.11460680048912764,
    "rmse_train": 0.15462969507589827
}