{
    "mse": [
        0.01101035631394812,
        0.009678338920431477,
        0.013212755455502443,
        0.018066273869148324,
        0.005972151245389666,
        0.006837680736290557,
        0.01483788900077343,
        0.01277370351765837,
        0.006181007051574332,
        0.005663408798032573,
        0.00781822477334312,
        0.005487567811672177,
        0.01074564689770341,
        0.013576303741761617,
        0.006738934266780104,
        0.011190121727330344,
        0.00763891131750175,
        0.011725044144051415,
        0.0099671397225133,
        0.008814116607287101
    ],
    "rmse": [
        0.10493024499136615,
        0.09837854908683842,
        0.11494675052171958,
        0.13441083984987343,
        0.0772796949100452,
        0.08269026990094153,
        0.1218108739020184,
        0.11302081010883956,
        0.07861938089030167,
        0.07525562303265168,
        0.08842072592635236,
        0.07407811965534881,
        0.10366121211766438,
        0.11651739673440022,
        0.0820910120949919,
        0.10578337169579322,
        0.0874008656564782,
        0.10828224297663683,
        0.09983556341561509,
        0.09388352681534233
    ],
    "mae": [
        0.0761149956711701,
        0.07274855034691947,
        0.0841824295265334,
        0.0920281708240509,
        0.05792028829455376,
        0.06146501324006489,
        0.08839255997112819,
        0.08436131051608495,
        0.058128584176301956,
        0.05644378438591957,
        0.06520969633545194,
        0.05532825046351978,
        0.07596729642578534,
        0.08576900618416923,
        0.061277484255177636,
        0.07832782928432737,
        0.06417405073131834,
        0.08053406860147204,
        0.07264351206166404,
        0.06943911473665919
    ]
}