{
    "mse": 0.0101118222810328,
    "rmse": 0.10055755705581158,
    "mae": 0.07281320145915425
}