{
    "train_loss": [
        0.6417503515456585,
        0.28146776453928746,
        0.2538617185931257,
        0.21159182564216725,
        0.16083072347843902,
        0.13234663314800313,
        0.10980508569628,
        0.09316706106542273,
        0.08070547789573035,
        0.07142945041166658,
        0.0643628663581578,
        0.0591821220227854,
        0.054130404097761244,
        0.05018028910172746,
        0.04735025010527449,
        0.04466597698232595,
        0.04197151483373439,
        0.03986200389075786,
        0.038039816830782815,
        0.03657135455076523,
        0.035037000693301575,
        0.03382829196275549,
        0.03275797856931991,
        0.03161642150557105,
        0.031135651976504225,
        0.030021303749464927,
        0.029441947221478568,
        0.028800739163651744,
        0.02793435000893759,
        0.027574402141444226,
        0.026750501240306396,
        0.02606304797363725,
        0.025538176763802767,
        0.02487059894632152,
        0.024571909484988514,
        0.02389100934081572,
        0.023538035776545393,
        0.023123163937967508,
        0.022688114292364805,
        0.02239194296875057,
        0.02198492996691865,
        0.021233110247734697,
        0.0206451739798835,
        0.02119481709706498,
        0.017641516129902387,
        0.017331387825369676,
        0.017092354813630275,
        0.016952973906882107,
        0.016751643027515806,
        0.016750431666646075,
        0.015459014216754982,
        0.01523900648053894,
        0.015223630651970334,
        0.015056345752995224,
        0.015003758789773317,
        0.014934414834220042,
        0.014326295525608386,
        0.014219769494647675
    ],
    "valid_loss": [
        0.2857503559854295,
        0.2472158089753181,
        0.2256644053591622,
        0.1587510324186749,
        0.12217134763560598,
        0.09742442488906876,
        0.07832310886846648,
        0.06652516117762952,
        0.056365514321932715,
        0.047857043318568715,
        0.04638144832163576,
        0.04045879075096713,
        0.03744921469617458,
        0.033965047833228866,
        0.03273598877860913,
        0.029862370918549243,
        0.028353832174269927,
        0.03254704572082985,
        0.025489765781140518,
        0.02533349817589162,
        0.02405678987916973,
        0.025819492955056447,
        0.021293723940967568,
        0.021428323690853422,
        0.020588225537231043,
        0.020324839737325434,
        0.019628233705011624,
        0.017404763124114465,
        0.02066489499771879,
        0.018559657502919436,
        0.017188468142338688,
        0.01752977098323523,
        0.017263024091897977,
        0.01925809873593232,
        0.015562678909017927,
        0.015759102401456664,
        0.018196135707613494,
        0.015425892214157752,
        0.016796080107312827,
        0.01566691378072377,
        0.016575883756140396,
        0.017237111645203734,
        0.018173551608231805,
        0.020540444476027337,
        0.017533812819728777,
        0.018352631849074173,
        0.019169555016098513,
        0.02015200737745516,
        0.018035209345971307,
        0.022663453357323768,
        0.022625792475919875,
        0.02188534676910393,
        0.022293598021543216,
        0.018343451026354044,
        0.021157242387296663,
        0.02035234518171776,
        0.020934510414326,
        0.020224804783033
    ],
    "epoch_duration": [
        1437.87792801857,
        1439.7659633159637,
        1439.7501430511475,
        1439.6087038516998,
        1439.2971622943878,
        1440.2081978321075,
        1439.8708555698395,
        1440.0229802131653,
        1440.833654165268,
        1455.1377966403961,
        1441.0998299121857,
        1441.34060049057,
        1440.7862751483917,
        1439.7207522392273,
        1439.8865790367126,
        1439.9840714931488,
        1439.4641561508179,
        1439.5762259960175,
        1438.7070167064667,
        1439.1810913085938,
        1438.5137672424316,
        1439.0171172618866,
        1439.2056064605713,
        1438.9965920448303,
        1439.0150995254517,
        1438.8553640842438,
        1437.8323738574982,
        1438.295075416565,
        1438.35386967659,
        1438.372175693512,
        1438.3249413967133,
        1438.3615856170654,
        1438.1383502483368,
        1438.3785104751587,
        1439.2660026550293,
        1438.9411273002625,
        1439.0023875236511,
        1439.0921614170074,
        1438.2245936393738,
        1438.393241405487,
        1438.978019475937,
        1438.8577506542206,
        1439.0643663406372,
        1438.393321275711,
        1438.0405695438385,
        1436.8487796783447,
        1437.3747420310974,
        1437.4330224990845,
        1441.5763833522797,
        1471.5006399154663,
        1474.8166465759277,
        1438.2162146568298,
        1438.466609954834,
        1438.939527273178,
        1439.0767159461975,
        1439.0017697811127,
        1438.3014514446259,
        1438.755299091339
    ],
    "best_epoch": 38,
    "best_valid_loss": 0.015425892214157752,
    "lr": [
        0.01,
        0.01,
        0.01,
        0.01,
        0.01,
        0.01,
        0.01,
        0.01,
        0.01,
        0.01,
        0.01,
        0.01,
        0.01,
        0.01,
        0.01,
        0.01,
        0.01,
        0.01,
        0.01,
        0.01,
        0.01,
        0.01,
        0.01,
        0.01,
        0.01,
        0.01,
        0.01,
        0.01,
        0.01,
        0.01,
        0.01,
        0.01,
        0.01,
        0.01,
        0.01,
        0.01,
        0.01,
        0.01,
        0.01,
        0.01,
        0.01,
        0.01,
        0.01,
        0.005,
        0.005,
        0.005,
        0.005,
        0.005,
        0.005,
        0.0025,
        0.0025,
        0.0025,
        0.0025,
        0.0025,
        0.0025,
        0.00125,
        0.00125,
        0.00125
    ]
}