{
    "mse": 0.007066663254850677,
    "mae": 0.06352790214845704,
    "rmse": 0.08406344779302521,
    "mse_train": 0.007048298250044761,
    "mae_train": 0.06354581593397132,
    "rmse_train": 0.08395414373361663
}