{
    "train_loss": [
        0.3983222287386022,
        0.18624359519874795,
        0.11794781912752289,
        0.08698494783899885,
        0.07216697820323578,
        0.0644426080101031
    ],
    "valid_loss": [
        0.21767181524681667,
        0.11600201198505977,
        0.07230932892314972,
        0.05577773532815396,
        0.04440585154271315,
        0.04060593516462379
    ],
    "epoch_duration": [
        1446.4601919651031,
        1448.434949874878,
        1448.211277961731,
        1448.0272789001465,
        1447.3052401542664,
        1447.8350729942322
    ],
    "best_epoch": 6,
    "best_valid_loss": 0.04060593516462379,
    "lr": [
        0.001,
        0.001,
        0.001,
        0.001,
        0.001,
        0.001
    ]
}