{
    "mse": 0.0011164089335377663,
    "mae": 0.02489447581493074,
    "rmse": 0.03341270616902747,
    "mse_train": 0.0008245319182470724,
    "mae_train": 0.02170359515807928,
    "rmse_train": 0.028714663819154707
}