{
    "mse": 0.012366720848524618,
    "mae": 0.082805451330921,
    "rmse": 0.11120575906186073,
    "mse_train": 0.010391013042882402,
    "mae_train": 0.07689011208911209,
    "rmse_train": 0.10193631856645796
}