{
    "mse": [
        0.0010673871729522943,
        0.0013518070336431265,
        0.0013828207738697529,
        0.0014599206624552608
    ],
    "mae": [
        0.02476298063993454,
        0.027650808915495872,
        0.027801472693681717,
        0.027699468657374382
    ],
    "rmse": [
        0.03267089182976636,
        0.03676692853153669,
        0.03718629820067807,
        0.03820890815575945
    ],
    "mse_train": [
        0.0008294015424326062,
        0.001087550655938685,
        0.001109815202653408,
        0.001156057696789503
    ],
    "mae_train": [
        0.02203219011425972,
        0.02493782341480255,
        0.025076091289520264,
        0.02498871646821499
    ],
    "rmse_train": [
        0.028799332326160033,
        0.03297803293009886,
        0.03331388903525687,
        0.03400084847161175
    ]
}