{
    "mse": 0.0013083063696242227,
    "mae": 0.026831477965479567,
    "rmse": 0.03617051796179069,
    "mse_train": 0.0010455323257547013,
    "mae_train": 0.024254669689516378,
    "rmse_train": 0.03233469229410883
}