{
    "mse": [
        0.001331133375450528,
        0.001194254360078568,
        0.001428111973967004,
        0.0019418505591082586,
        0.0008451520565618661,
        0.0009447023524314448,
        0.001408537401792793,
        0.001553717653743141,
        0.0009124829632907806,
        0.0008047607275979576,
        0.0010303210079395545,
        0.0008098006358393052,
        0.0012338976964331647,
        0.00142456791477993,
        0.0008888336498265355,
        0.0013079584542927997,
        0.0009980235634949558,
        0.0012537097079205392,
        0.0011561838320111356,
        0.0010814889834104438
    ],
    "rmse": [
        0.03648470056682017,
        0.0345579854748301,
        0.03779036879903402,
        0.04406643347388416,
        0.029071499042221165,
        0.03073601067854195,
        0.03753048629837872,
        0.03941722534302917,
        0.03020733293905274,
        0.028368304982814143,
        0.03209861380090353,
        0.02845699625468762,
        0.03512687997009078,
        0.03774344863390109,
        0.029813313298366142,
        0.03616570826477479,
        0.03159151094036111,
        0.03540776338489257,
        0.03400270330446001,
        0.032885999808587904
    ],
    "mae": [
        0.025300205647779097,
        0.024653247012923072,
        0.02676920486348016,
        0.029896668973378837,
        0.020824376896988333,
        0.021864587154206156,
        0.02640660950315318,
        0.028224167867197787,
        0.021376739468126158,
        0.020348453237342516,
        0.02275876233969549,
        0.02028916995706303,
        0.02507824674415003,
        0.026758612699008415,
        0.021395947385047163,
        0.0257580236814517,
        0.022339301283604333,
        0.025373095575819855,
        0.024067048058246394,
        0.02348385815275833
    ],
    "std_mse": 0.00028361824301506155,
    "std_rmse": 0.004036021880618506,
    "std_mae": 0.0026597102556897042
}