{
    "mse": 0.007583913731708428,
    "mae": 0.06550041624226623,
    "rmse": 0.08708566892266734,
    "mse_train": 0.007512333853346137,
    "mae_train": 0.0652860483362716,
    "rmse_train": 0.08667372066172155
}