{
    "mse": 0.0015715912012970038,
    "mae": 0.029400873876598087,
    "rmse": 0.039643299576309285,
    "mse_train": 0.0013233678135177198,
    "mae_train": 0.027193696061000625,
    "rmse_train": 0.036378122732182314
}