{
    "train_loss": [
        0.33904345428689997,
        0.15555050689727068,
        0.11279862635630242,
        0.09230784838028411,
        0.07992379006711726,
        0.07142025125312045,
        0.06521773579074665,
        0.06025650186781237,
        0.05616901858531414,
        0.052821415843085404,
        0.04991675043438978,
        0.04744777848270345,
        0.045344578835399864,
        0.04344988315108609,
        0.04175203990072329,
        0.04027076156691034,
        0.0390133791444625,
        0.03782212359711845,
        0.03673336292280162,
        0.035832546671178744,
        0.03503061350970034,
        0.03416263859996453,
        0.03346959414812637,
        0.03285130928765903,
        0.03219780132689692,
        0.03160949532893744,
        0.031135210385942396,
        0.030623592897021074,
        0.030143870120035842,
        0.029666765870407542,
        0.02933275620353983,
        0.02892076312762467,
        0.028497656465488228,
        0.028213722735365973,
        0.027885384922054536,
        0.027534593491161122,
        0.02721081553720572,
        0.026977665702554773,
        0.026722586495762177,
        0.026465204985257475,
        0.026244336590567168,
        0.025926009950010067,
        0.025730008482338584,
        0.025486045645827307,
        0.02531395180824589,
        0.02506447294627891,
        0.024854241102497947,
        0.024646181940160532,
        0.024504151973041132,
        0.02428630442219846,
        0.024187247412517033,
        0.023982747091337086,
        0.02378947391828641,
        0.023628595171179226,
        0.0235006533057845
    ],
    "valid_loss": [
        0.13397386882986342,
        0.07852785780079781,
        0.061355981354912124,
        0.050963739376692546,
        0.04489263611298705,
        0.04082594471909697,
        0.037226713735551115,
        0.03390067719691803,
        0.03175196774481308,
        0.029985161099050726,
        0.029073005276066915,
        0.027932824478262945,
        0.02536743280610868,
        0.02455260002956031,
        0.02334524185529777,
        0.02341913449622336,
        0.02176447892709384,
        0.020757504369294834,
        0.02063806251519256,
        0.020034421870987567,
        0.019584506587494933,
        0.018816442568860357,
        0.01899494839802621,
        0.018806356241896985,
        0.01772221376646369,
        0.01809005384584741,
        0.017332950399981603,
        0.017607059322356705,
        0.016720663911352556,
        0.016766680404543877,
        0.01630465645668289,
        0.016234529559456166,
        0.01573569502770191,
        0.015783035055926396,
        0.0157242118351398,
        0.015636855514631384,
        0.015624478111960112,
        0.015016696837154172,
        0.015053463737583823,
        0.014753330898072039,
        0.014713127269513078,
        0.014528067937741676,
        0.014339836661718668,
        0.01402990509652429,
        0.01478699314600182,
        0.014197482476158747,
        0.013701727680329765,
        0.014123068893298743,
        0.013662573874055867,
        0.013472272356646874,
        0.013456119032251456,
        0.013371521052682684,
        0.013345468227588942,
        0.013537656079741224,
        0.013099701180758457
    ],
    "epoch_duration": [
        505.9303708076477,
        506.12489342689514,
        505.7267973423004,
        505.6138331890106,
        505.44235610961914,
        505.6937966346741,
        505.49775409698486,
        505.4177541732788,
        505.3810694217682,
        505.6086165904999,
        505.6424922943115,
        505.7147283554077,
        505.64800214767456,
        505.678902387619,
        505.75972843170166,
        505.72671341896057,
        505.5688784122467,
        505.6207323074341,
        505.6007468700409,
        505.7044699192047,
        505.6689338684082,
        505.7683844566345,
        505.77629828453064,
        505.60646533966064,
        505.4991297721863,
        505.6592938899994,
        505.2912223339081,
        505.53935289382935,
        505.45312333106995,
        505.54119348526,
        505.498996257782,
        505.47849774360657,
        505.6385233402252,
        505.6608843803406,
        505.5939428806305,
        505.5264027118683,
        505.34887647628784,
        505.32317638397217,
        505.5514192581177,
        505.7440195083618,
        505.31445264816284,
        505.71632170677185,
        505.5088722705841,
        505.70473408699036,
        505.5897650718689,
        505.6259546279907,
        505.68369364738464,
        505.49461555480957,
        505.7294828891754,
        505.8006389141083,
        505.30505084991455,
        505.5439705848694,
        505.5759756565094,
        505.73448753356934,
        505.80044531822205
    ],
    "best_epoch": 55,
    "best_valid_loss": 0.013099701180758457
}