{
    "mse": 0.022473807128826306,
    "rmse": 0.1499126650047497,
    "mae": 0.11147890044819742,
    "mse_train": 0.019779080240194626,
    "mae_train": 0.10506021978452484,
    "rmse_train": 0.1406381180199544
}