{
    "mse": [
        0.024124587220805033,
        0.023136628259505545,
        0.026739330696208135,
        0.032588262243994644,
        0.016855151259473393,
        0.017305269039102962,
        0.030780184481825148,
        0.027358548981802806,
        0.01697323245129415,
        0.016170412568109378,
        0.018809092098048756,
        0.015971362590789795,
        0.022250301470713958,
        0.027588814763086184,
        0.01728317141532898,
        0.025576097624642507,
        0.018916294244783267,
        0.02552041065480028,
        0.0214597171704684,
        0.020964810624718666
    ],
    "rmse": [
        0.15532091688116265,
        0.15210729193403433,
        0.1635216520715472,
        0.18052219321732893,
        0.1298273902513387,
        0.13154949273601538,
        0.17544282396788177,
        0.1654041988034246,
        0.13028135880199496,
        0.1271629370851011,
        0.13714624347042378,
        0.12637785641001273,
        0.14916534943046914,
        0.16609881023982737,
        0.13146547613472132,
        0.15992528763345248,
        0.13753651967671446,
        0.1597510896826694,
        0.14649135527555338,
        0.1447923016762931
    ],
    "mae": [
        0.1150334221976144,
        0.11491763166018895,
        0.12187646968024117,
        0.12935999355145864,
        0.09828790383679527,
        0.09897934538977486,
        0.12822129364524568,
        0.12477151091609683,
        0.09848307605300631,
        0.09603716326611382,
        0.10325870875801359,
        0.09601277538708278,
        0.11154540202447347,
        0.12281282246112823,
        0.09959591712270464,
        0.12056043531213488,
        0.10376936516591481,
        0.12004237409148898,
        0.10919697689158576,
        0.10899804106780461
    ],
    "std_mse": 0.00493985542568805,
    "std_rmse": 0.01636946438133542,
    "std_mae": 0.011060909230705117
}