{
    "train_loss": [
        0.3983222287386022,
        0.18624359519874795,
        0.11794781912752289,
        0.08698494783899885,
        0.07216697820323578,
        0.0644426080101031,
        0.05842786050461074,
        0.05394576457230017,
        0.05023628011583648,
        0.04744094724152634,
        0.04524652203148667,
        0.04297662387661477,
        0.04078273651526963,
        0.03929803328231928,
        0.037663345680908955,
        0.03639063049860774,
        0.03503634793029979,
        0.033983734560179266,
        0.03279295492362469,
        0.03174140944858973,
        0.03084457119272903,
        0.030164673072385028,
        0.02921341978350377,
        0.028390575408380716,
        0.027625302967437086,
        0.027092274937263513,
        0.026515103698252364,
        0.02590802650740172,
        0.025503727671828992,
        0.024840507056920768,
        0.024480021791532636,
        0.023979329419857327,
        0.02364363882472699,
        0.023283313835990874,
        0.02288687587319378,
        0.022673605648959254,
        0.022180910613585975,
        0.02151773125428627,
        0.021017789350267737,
        0.020553570864920285,
        0.02008039410166601,
        0.019752540249139704,
        0.019474454070540503,
        0.01911403466650146,
        0.018915947670354805,
        0.01752311730152987,
        0.017407482576635765,
        0.017290603401674393,
        0.017227540476287297,
        0.017123627830593985,
        0.016917831601297603,
        0.016908015793268668,
        0.01623298233979322,
        0.01611066952427017,
        0.016048112658763977,
        0.015941810420159488,
        0.015921820854233142,
        0.015862054627467977,
        0.015509011092635387,
        0.015457984587633387,
        0.015395881365390216,
        0.015369825518412634,
        0.015331471343821984,
        0.015308669317474074,
        0.015114577601049492,
        0.015098104387165067
    ],
    "valid_loss": [
        0.21767181524681667,
        0.11600201198505977,
        0.07230932892314972,
        0.05577773532815396,
        0.04440585154271315,
        0.04060593516462379,
        0.0352372999436089,
        0.03459010271739865,
        0.032027318068439996,
        0.029171151759487295,
        0.026781085538603956,
        0.02702815540962749,
        0.024423346026904054,
        0.024965421740143073,
        0.022912268127713884,
        0.021478978473515736,
        0.021732982661989,
        0.019640859733853076,
        0.020024907021295456,
        0.019370641455882125,
        0.01905534831836583,
        0.017308961644413926,
        0.01938983647241479,
        0.017389541395777273,
        0.0189660679519413,
        0.016581142247314492,
        0.017422567069944408,
        0.016114405999403624,
        0.016764585786159077,
        0.016192967183000985,
        0.015126135540268724,
        0.014672713147269355,
        0.014308162403130343,
        0.014822021311533356,
        0.013651123787793849,
        0.013515150869294765,
        0.01374198995264513,
        0.013322843401323236,
        0.013144788627941457,
        0.013697457477627765,
        0.01431215230730318,
        0.015542709069060428,
        0.015366153532846106,
        0.014579683867475343,
        0.015082803990928427,
        0.012728048525454979,
        0.01326156703252641,
        0.015071310169462646,
        0.012858994164696288,
        0.013496970114786,
        0.014005071793993315,
        0.01490305962839297,
        0.013049614127902757,
        0.01306216696661616,
        0.013021058802093779,
        0.013902813255313843,
        0.013594249832547374,
        0.013616054947118438,
        0.012985899608345732,
        0.01320891770430737,
        0.013493047494973456,
        0.013009342372358318,
        0.015043455286927167,
        0.01435728111703481,
        0.013158348558973226,
        0.013535206827024618
    ],
    "epoch_duration": [
        1446.4601919651031,
        1448.434949874878,
        1448.211277961731,
        1448.0272789001465,
        1447.3052401542664,
        1447.8350729942322,
        1447.6171071529388,
        1446.9851670265198,
        1447.9637908935547,
        1447.1230030059814,
        1447.694209575653,
        1448.606232881546,
        1448.7737491130829,
        1448.11359167099,
        1448.3727300167084,
        1448.3156523704529,
        1447.7090380191803,
        1447.8747420310974,
        1448.7487766742706,
        1449.0296173095703,
        1448.9474363327026,
        1448.154091835022,
        1448.24125623703,
        1449.3959844112396,
        1448.9299778938293,
        1449.616162776947,
        1448.8867499828339,
        1448.5555415153503,
        1448.359355688095,
        1448.3191854953766,
        1447.9630954265594,
        1448.347172498703,
        1449.3697021007538,
        1449.4256839752197,
        1449.327665090561,
        1449.105224609375,
        1448.9610378742218,
        1448.7359218597412,
        1448.6034452915192,
        1448.6849071979523,
        1448.951832294464,
        1449.0175511837006,
        1449.101632118225,
        1449.7295796871185,
        1449.8645541667938,
        1450.0990073680878,
        1449.3547422885895,
        1448.6540462970734,
        1450.168189048767,
        1449.3125281333923,
        1448.610535621643,
        1449.1158740520477,
        1449.0193407535553,
        1450.0309710502625,
        1450.1674480438232,
        1450.0526220798492,
        1449.1047813892365,
        1449.5411417484283,
        1449.6230111122131,
        1448.81099152565,
        1449.1878409385681,
        1448.9532268047333,
        1449.3083500862122,
        1448.623170375824,
        1448.6024453639984,
        1448.737461090088
    ],
    "best_epoch": 46,
    "best_valid_loss": 0.012728048525454979,
    "lr": [
        0.001,
        0.001,
        0.001,
        0.001,
        0.001,
        0.001,
        0.001,
        0.001,
        0.001,
        0.001,
        0.001,
        0.001,
        0.001,
        0.001,
        0.001,
        0.001,
        0.001,
        0.001,
        0.001,
        0.001,
        0.001,
        0.001,
        0.001,
        0.001,
        0.001,
        0.001,
        0.001,
        0.001,
        0.001,
        0.001,
        0.001,
        0.001,
        0.001,
        0.001,
        0.001,
        0.001,
        0.001,
        0.001,
        0.001,
        0.001,
        0.001,
        0.001,
        0.001,
        0.001,
        0.0005,
        0.0005,
        0.0005,
        0.0005,
        0.0005,
        0.0005,
        0.0005,
        0.00025,
        0.00025,
        0.00025,
        0.00025,
        0.00025,
        0.00025,
        0.000125,
        0.000125,
        0.000125,
        0.000125,
        0.000125,
        0.000125,
        6.25e-05,
        6.25e-05,
        6.25e-05
    ]
}