{
    "mse": 0.006633797778733193,
    "mae": 0.06151413284833469,
    "rmse": 0.08144812937528519,
    "mse_train": 0.006346685124531468,
    "mae_train": 0.06016806878664709,
    "rmse_train": 0.0796660851588144
}