{
    "mse": [
        0.00932535356176751,
        0.008121821164552654,
        0.011865227084074701,
        0.017622423358261585,
        0.004701710705246244,
        0.005671858321875334,
        0.013089523650705814,
        0.010877652559429407,
        0.005339036296520915,
        0.004276478363733206,
        0.0066108013104115215,
        0.004254666256851384,
        0.009655107744038105,
        0.011955176746206624,
        0.005572224967181683,
        0.009594225989920753,
        0.00639438462842788,
        0.010169505806905883,
        0.008964565715619497,
        0.0075974793705557075
    ],
    "rmse": [
        0.09656787023522632,
        0.09012114715510813,
        0.10892762314525503,
        0.13274947592462122,
        0.0685690214692192,
        0.07531174092978686,
        0.11440945612450841,
        0.10429598534665371,
        0.07306870942148161,
        0.06539478850591388,
        0.0813068343401188,
        0.06522780279030854,
        0.09826040781534598,
        0.10933973086763395,
        0.07464733730804926,
        0.09795011990763847,
        0.0799648962259558,
        0.100843967627746,
        0.09468139054544719,
        0.08716352087057812
    ],
    "mae": [
        0.06993155234626361,
        0.06630681135824748,
        0.07952885010412761,
        0.08918829475130353,
        0.05143476224371365,
        0.05543330577867372,
        0.08235083733286176,
        0.07722632586956024,
        0.05291431610073362,
        0.048935004110847204,
        0.05907812714576721,
        0.048191673521484645,
        0.07202335287417684,
        0.08022138795682363,
        0.05546739112053599,
        0.07189737898962838,
        0.05761742538639477,
        0.0747932738491467,
        0.06892248775277819,
        0.06423382673944746
    ],
    "std_mse": 0.003354750277956035,
    "std_rmse": 0.017687876339467418,
    "std_mae": 0.011880294986773923
}