{
    "train_loss": [
        0.1310466235687806,
        0.035278931700145316,
        0.024536855893824264,
        0.019488879500989705,
        0.016554269559699995,
        0.014673641437536116,
        0.01317083985975952,
        0.012089175708802512,
        0.01136958060363433,
        0.010636774885777078,
        0.010094113243358242,
        0.009695706943379822,
        0.009154265097567714,
        0.008769869637781645,
        0.008511580661069277,
        0.008172588392237475,
        0.007983773045167513,
        0.0077059004993850705,
        0.007375483761416905,
        0.007235357666454732,
        0.0070597000141393515,
        0.00701787876737856,
        0.0067106911172457075,
        0.006556583413310777,
        0.006443398379111479,
        0.006273245857989823,
        0.006247610774693248,
        0.0061226480909881,
        0.006046428391206715,
        0.005870336000068254,
        0.0058276306840893835,
        0.005742795465952242,
        0.005633582202493153,
        0.005602795876413955,
        0.005450944671777393,
        0.005456602641289198,
        0.005358943456036045,
        0.005300575096380037,
        0.005234925988720961,
        0.005219369363628099,
        0.0051745987685392625,
        0.004709376501893363,
        0.004690103286819986,
        0.004654152339428093,
        0.004696685394793997,
        0.004641923096405647,
        0.004615289771252761,
        0.004571725112786292,
        0.004386808363843093,
        0.004347989136075984,
        0.004366697349174511,
        0.004338710934097135,
        0.004345923057096954,
        0.004298887550459241,
        0.004293341419085897,
        0.0042680946646331,
        0.004318867277366389,
        0.004253921842671689,
        0.0042304268041014025,
        0.004248000393565109,
        0.004215368417076959,
        0.004208504800945644,
        0.004196184124574623,
        0.004204912726006356,
        0.0041789792699496245,
        0.004172538957114975,
        0.004166389382982368,
        0.0041470698903122005,
        0.0041254057164179314,
        0.004142390627643142,
        0.00411847169082906,
        0.004001224853086006
    ],
    "valid_loss": [
        0.026426067553516338,
        0.015038300089612417,
        0.011024854022851608,
        0.009077233863423144,
        0.008100258068941033,
        0.0067463244866589065,
        0.005733878065383717,
        0.005591740029541186,
        0.005059392530554697,
        0.005029226238479341,
        0.004743250991981894,
        0.00365913032131395,
        0.0036664946887298416,
        0.0040432833546210556,
        0.003528206559488006,
        0.0035790653491713236,
        0.0030422642383436463,
        0.004295428691575875,
        0.003355389017323752,
        0.0029759265401138185,
        0.0027191096784412267,
        0.003092138194815811,
        0.002776421743568191,
        0.002900500487573352,
        0.0024425485631232695,
        0.003260254120208007,
        0.003165947499236747,
        0.00359825923588322,
        0.00235251497565548,
        0.002554189047992155,
        0.0023575523867041914,
        0.0026949636064506973,
        0.002345760536967705,
        0.0023918209823912146,
        0.0020514944575243904,
        0.002134731697485297,
        0.002306041644161516,
        0.0024609775455468833,
        0.00363223697024019,
        0.0021264897151954676,
        0.0021812146735096585,
        0.0018853718319099555,
        0.001885938230481584,
        0.001985118670756011,
        0.0021782835339314473,
        0.0023408645845280768,
        0.0024775240900101803,
        0.002034245703968584,
        0.0016247269043122927,
        0.001893380804084929,
        0.001852684722228575,
        0.0017333898203275597,
        0.0018194303439089336,
        0.0018589325731113888,
        0.001565418715363466,
        0.0016387828760443632,
        0.0016654467964405542,
        0.0016038468504148045,
        0.0015309584655095255,
        0.0016731532723143548,
        0.0016114793415936152,
        0.002031653246115382,
        0.0016302388341414586,
        0.001476003811752744,
        0.0014256425591492258,
        0.0015797171553601499,
        0.0016811870915833815,
        0.0015481055416909982,
        0.001489501778486921,
        0.0015828589907617417,
        0.0017668738518783502,
        0.0014689207206505753
    ],
    "epoch_duration": [
        629.873361825943,
        630.4060406684875,
        630.4948782920837,
        630.7669115066528,
        628.402765750885,
        627.8323044776917,
        628.0670247077942,
        627.6164720058441,
        627.657674074173,
        627.87681889534,
        628.0005629062653,
        627.9533500671387,
        628.4234387874603,
        628.1854231357574,
        628.4208755493164,
        628.263269662857,
        628.2471115589142,
        628.1859512329102,
        628.0912153720856,
        628.0240149497986,
        628.0528564453125,
        627.8815863132477,
        628.1791050434113,
        627.8049347400665,
        627.7429883480072,
        628.0921053886414,
        627.5629706382751,
        627.3068897724152,
        627.105765581131,
        626.5685894489288,
        626.6954550743103,
        626.1574158668518,
        626.8363795280457,
        626.4435827732086,
        626.869754076004,
        626.3855886459351,
        626.471314907074,
        625.985289812088,
        626.5826287269592,
        626.5574371814728,
        626.3790299892426,
        626.5592367649078,
        626.5799446105957,
        626.6766097545624,
        626.7925901412964,
        626.3270461559296,
        626.7740330696106,
        626.2091960906982,
        626.6282696723938,
        626.7226274013519,
        626.0045716762543,
        626.2953424453735,
        626.5774388313293,
        626.7410771846771,
        626.691929101944,
        626.3012673854828,
        626.094464302063,
        626.5066292285919,
        626.4831149578094,
        626.5228133201599,
        626.3455708026886,
        626.4586455821991,
        626.7383286952972,
        626.6008195877075,
        626.6931567192078,
        626.8250889778137,
        626.8493044376373,
        626.4241099357605,
        626.6188273429871,
        626.586329460144,
        631.7279386520386,
        634.3564126491547
    ],
    "best_epoch": 65,
    "best_valid_loss": 0.0014256425591492258,
    "lr": [
        0.001,
        0.001,
        0.001,
        0.001,
        0.001,
        0.001,
        0.001,
        0.001,
        0.001,
        0.001,
        0.001,
        0.001,
        0.001,
        0.001,
        0.001,
        0.001,
        0.001,
        0.001,
        0.001,
        0.001,
        0.001,
        0.001,
        0.001,
        0.001,
        0.001,
        0.001,
        0.001,
        0.001,
        0.001,
        0.001,
        0.001,
        0.001,
        0.001,
        0.001,
        0.001,
        0.001,
        0.001,
        0.001,
        0.001,
        0.001,
        0.0005,
        0.0005,
        0.0005,
        0.0005,
        0.0005,
        0.0005,
        0.0005,
        0.00025,
        0.00025,
        0.00025,
        0.00025,
        0.00025,
        0.00025,
        0.00025,
        0.00025,
        0.00025,
        0.00025,
        0.00025,
        0.00025,
        0.00025,
        0.00025,
        0.00025,
        0.00025,
        0.00025,
        0.00025,
        0.00025,
        0.00025,
        0.00025,
        0.00025,
        0.00025,
        0.000125,
        0.000125
    ]
}