{
    "mse": 0.00881658086834091,
    "mae": 0.0671804588110674,
    "rmse": 0.0938966499314055,
    "mse_train": 0.005057891974463425,
    "mae_train": 0.052681255075050164,
    "rmse_train": 0.07111885807901745
}