{
    "mse": 0.0028657206312923266,
    "mae": 0.040018315608095795,
    "rmse": 0.053532425979889296,
    "mse_train": 0.0026464067461270035,
    "mae_train": 0.03861371777763471,
    "rmse_train": 0.05144323809916133
}