{
    "train_loss": [
        0.13593977580758485,
        0.034602784888541446,
        0.023054097798910548,
        0.01809481531381607,
        0.015331699758114175,
        0.013752183245316624,
        0.012486525684931969
    ],
    "valid_loss": [
        0.03139011569262024,
        0.017640987810279642,
        0.011358089331123564,
        0.009782244584390096,
        0.008373968159070327,
        0.00709457404630643,
        0.006413977674489457
    ],
    "epoch_duration": [
        503.78571462631226,
        504.1310033798218,
        504.1057116985321,
        504.3533983230591,
        504.6704936027527,
        504.71983194351196,
        505.394140958786
    ],
    "best_epoch": 7,
    "best_valid_loss": 0.006413977674489457,
    "lr": [
        0.001,
        0.001,
        0.001,
        0.001,
        0.001,
        0.001,
        0.001
    ]
}