{
    "mse": 0.007411851662225903,
    "mae": 0.0651094809115406,
    "rmse": 0.08609211149824299,
    "mse_train": 0.007165014806966436,
    "mae_train": 0.06398004877995303,
    "rmse_train": 0.08464641047892366
}