{
    "mse": 0.0039230764201160385,
    "mae": 0.04741418875184738,
    "rmse": 0.06263446671055832,
    "mse_train": 0.0038396199265952552,
    "mae_train": 0.04699735869368677,
    "rmse_train": 0.06196466675933354
}