{
    "mse": [
        0.0019487164349162153,
        0.0018899003695142234,
        0.0019402817604945056,
        0.0024155533266445946
    ],
    "mae": [
        0.03357990896181455,
        0.03263311768098483,
        0.03291816814314751,
        0.035464902704079
    ],
    "rmse": [
        0.04414426842656038,
        0.0434729843640188,
        0.044048629496211404,
        0.049148278979477954
    ],
    "mse_train": [
        0.0015081610913608877,
        0.0014203642722543707,
        0.0014779583872679839,
        0.001823627754694168
    ],
    "mae_train": [
        0.029860341802556464,
        0.028501871799891616,
        0.02891202395326121,
        0.03125650428750731
    ],
    "rmse_train": [
        0.0388350497793023,
        0.037687720443857715,
        0.03844422436814123,
        0.0427039547898572
    ]
}