{
    "mse": [
        0.002295968621703131,
        0.0020221377490088344,
        0.002330902182230992,
        0.0030539168011663215,
        0.0014236343891492911,
        0.0015658772151385034,
        0.002561582418690835,
        0.002763371149610196,
        0.001497884513810277,
        0.001385976976182844,
        0.0017136938570599472,
        0.0013539475289040378,
        0.002115841239823827,
        0.0025271302687802483,
        0.001550410791034145,
        0.0023535461264795493,
        0.0016808926260897092,
        0.002296612598001957,
        0.0019248429286692823,
        0.0018064567453360983
    ],
    "rmse": [
        0.047916266775523436,
        0.04496818596528922,
        0.048279417790928175,
        0.05526225476006495,
        0.03773107988315854,
        0.03957116646168651,
        0.050612077794641414,
        0.052567776723104774,
        0.038702513016731575,
        0.037228711718012,
        0.041396785588496444,
        0.036796025993360175,
        0.045998274313541664,
        0.05027057060328884,
        0.03937525607579137,
        0.04851336028847671,
        0.040998690541158865,
        0.047922986113158234,
        0.04387303190650587,
        0.04250243222847486
    ],
    "mae": [
        0.03531449155083725,
        0.03368593246809074,
        0.03621862722294671,
        0.03969149637435164,
        0.02845103559749467,
        0.029816696952496256,
        0.03778389122869287,
        0.03973195595400674,
        0.02920649786080633,
        0.028204102867415974,
        0.031196873635053635,
        0.027711609112364904,
        0.03462516223745687,
        0.03761914771582399,
        0.029795502179435322,
        0.03647725284099579,
        0.030583040522677556,
        0.036301467035497935,
        0.032791548541613987,
        0.03205874322780541
    ],
    "std_mse": 0.0004849947400317378,
    "std_rmse": 0.005367885667708978,
    "std_mae": 0.003807712774551992
}