{
    "mse": 0.0017022079767821919,
    "mae": 0.030880983859773666,
    "rmse": 0.04125782321914465,
    "mse_train": 0.0014009318511717596,
    "mae_train": 0.0282131340354681,
    "rmse_train": 0.037429024181399116
}