{
    "mse": 0.0016939733519277993,
    "mae": 0.030718611427656715,
    "rmse": 0.04115790752610972,
    "mse_train": 0.0014007361905896687,
    "mae_train": 0.028208755295131692,
    "rmse_train": 0.03742641033534566
}