{
    "mse": 0.004533360209149707,
    "mae": 0.05086516034937212,
    "rmse": 0.06733023250479465,
    "mse_train": 0.004455077407715664,
    "mae_train": 0.050538603124763576,
    "rmse_train": 0.06674636625102272
}