{
    "train_loss": [
        0.22560251486348978,
        0.0775851912677605,
        0.05577184410488352,
        0.04614701941411229,
        0.03999111154413921,
        0.03627091177560864,
        0.03359105429077085,
        0.03166844458022016,
        0.0302593781057983,
        0.028978780793779073,
        0.028164381953947087,
        0.027085495577689182,
        0.02646524206972978,
        0.02582018704034705,
        0.025210314331219553,
        0.024751089661917153,
        0.024244210088348137,
        0.023798447939507823,
        0.023502390430447585,
        0.0231812747512409,
        0.02264439707938978,
        0.022562549925072395,
        0.02215133952175049,
        0.021889480975198935,
        0.02167701834634422,
        0.021382218023682845,
        0.021180413603941177,
        0.020368556373138377,
        0.019915870539447728,
        0.01934931357886563,
        0.018922250881355178,
        0.01863183748432772,
        0.018304583988093,
        0.018109169640043315,
        0.017623758010387895,
        0.017528410547690346,
        0.017269203325416496,
        0.017109946927372763,
        0.016956057538218956,
        0.0169075896240216,
        0.016823604663318777,
        0.016565176839147634,
        0.01655143869921882,
        0.01636834544912377,
        0.016245395574282777,
        0.016141502451686624,
        0.01607012141624743,
        0.016093962303204264,
        0.015904702964496423,
        0.015853648616417134,
        0.01576515992092801,
        0.015754496455787026,
        0.015604130785040398,
        0.015518176599722752,
        0.015597285918316784,
        0.01542542774002365,
        0.015434289331290317,
        0.015460598616900438,
        0.015247569625028112,
        0.015308662302831703
    ],
    "valid_loss": [
        0.08034735161160665,
        0.046405581520899894,
        0.03361413543600412,
        0.02790196610999013,
        0.025135267673740313,
        0.023473898170604593,
        0.019352758702422892,
        0.021678209290026673,
        0.02119845092769653,
        0.017287114760764534,
        0.017420766838190573,
        0.017215392153177942,
        0.016703630479732678,
        0.016888485437939093,
        0.015735497579924644,
        0.01754581950427521,
        0.0151781235259795,
        0.015724466633169898,
        0.01536323485659465,
        0.014628519562797414,
        0.015164846177434637,
        0.014639415312558413,
        0.016612525149765942,
        0.014566179926669786,
        0.01382562390986889,
        0.013966885971881095,
        0.014260666334025916,
        0.013672219929359263,
        0.014765565557080128,
        0.014942992907313128,
        0.015145726716293701,
        0.01445257110846421,
        0.014475144394156005,
        0.013948821972700812,
        0.013352456170001201,
        0.014049319476480521,
        0.013444495638684622,
        0.014549367484592256,
        0.013602313652102436,
        0.012986385226545353,
        0.014602715031258644,
        0.016310316480932726,
        0.01353264336902944,
        0.014332442773535611,
        0.014132559979482302,
        0.014115018747924339,
        0.015091939607546442,
        0.015618920681022462,
        0.01594308836178647,
        0.015570977333164404,
        0.017322651243635585,
        0.015294190680992508,
        0.014564897931580032,
        0.015024919838955006,
        0.015429929371864076,
        0.017433983414241717,
        0.016693293449601958,
        0.017533990857560956,
        0.01575635564291761,
        0.016566513394493432
    ],
    "epoch_duration": [
        401.008584022522,
        401.32436513900757,
        401.01760935783386,
        400.90806794166565,
        400.5679831504822,
        400.78621530532837,
        400.6916592121124,
        400.49282360076904,
        400.4095027446747,
        400.61444187164307,
        400.72753047943115,
        400.74881291389465,
        400.7194321155548,
        400.7592303752899,
        400.74001693725586,
        400.73590207099915,
        400.65710377693176,
        400.8501675128937,
        400.95173954963684,
        400.78712797164917,
        400.671977519989,
        400.72088980674744,
        400.7534399032593,
        400.7809212207794,
        400.61685371398926,
        400.8646035194397,
        400.41690945625305,
        400.5309693813324,
        400.61616468429565,
        400.78935265541077,
        400.679203748703,
        400.68891167640686,
        400.84291410446167,
        400.7763092517853,
        400.73818492889404,
        400.5491044521332,
        400.5036315917969,
        400.49410223960876,
        400.71128582954407,
        400.7008008956909,
        400.49111461639404,
        400.78042006492615,
        400.65131998062134,
        400.71857213974,
        400.6174786090851,
        400.5285608768463,
        400.772319316864,
        400.51384973526,
        400.76508259773254,
        400.83143520355225,
        400.38710165023804,
        400.6581611633301,
        400.72476410865784,
        400.84380173683167,
        400.6806492805481,
        400.586452960968,
        400.1846556663513,
        400.6025974750519,
        400.71594977378845,
        400.6231234073639
    ],
    "best_epoch": 40,
    "best_valid_loss": 0.012986385226545353
}