{
    "train_loss": [
        0.5166572927636035,
        0.25537896671510757
    ],
    "valid_loss": [
        0.2749470134103109,
        0.20413486659526825
    ],
    "epoch_duration": [
        1479.9457817077637,
        1412.971713066101
    ],
    "best_epoch": 2,
    "best_valid_loss": 0.20413486659526825,
    "lr": [
        0.001,
        0.001
    ]
}