{
    "mse": 0.011575392768940046,
    "mae": 0.07845188452610893,
    "rmse": 0.10758899929332945,
    "mse_train": 0.00910741986924822,
    "mae_train": 0.0703920187289886,
    "rmse_train": 0.09543280289946544
}