{
    "mse": 0.0011076872386414805,
    "mae": 0.024731067258731594,
    "rmse": 0.033281935620415475,
    "mse_train": 0.0008182328519108117,
    "mae_train": 0.02159263020780116,
    "rmse_train": 0.028604769740566197
}