{
    "mse": [
        0.0038715828611332525,
        0.0037818635745290002,
        0.0038081644831566208,
        0.004605324712299209,
        0.0030133249950137853,
        0.0031051956767831662,
        0.0038968058953677037,
        0.00443469693501746,
        0.0030755606156682397,
        0.0028654812667809892,
        0.0032025870968936943,
        0.0029576726031206946,
        0.0035490121736074798,
        0.003869343237186383,
        0.0030259348578900763,
        0.003956394714935284,
        0.003271337043510617,
        0.0035606354233875337,
        0.0034062303800185744,
        0.003358229097232522
    ],
    "rmse": [
        0.06222204481639327,
        0.061496858249255305,
        0.0617103272002071,
        0.06786254277802453,
        0.054893760984412295,
        0.05572428264933669,
        0.062424401441805624,
        0.06659352021794208,
        0.05545773720292092,
        0.05353019023673453,
        0.05659140479696271,
        0.05438448862608432,
        0.05957358620737449,
        0.06220404518346361,
        0.055008498051574505,
        0.06289987849698347,
        0.05719560335821817,
        0.05967106018320383,
        0.058362919563868416,
        0.057950229483864184
    ],
    "mae": [
        0.0440562530254413,
        0.04419631075247058,
        0.04448317761333393,
        0.04771832615369931,
        0.039443310358495055,
        0.04021667399709778,
        0.04491708993113467,
        0.04828864665302847,
        0.04001932211187003,
        0.038606849507362186,
        0.04094498186272436,
        0.03918712611110615,
        0.042979294151466875,
        0.044781215979518105,
        0.03980543355490746,
        0.04547344736056402,
        0.04116352999283533,
        0.04329016594316012,
        0.04210546039809872,
        0.041778794032455026
    ],
    "std_mse": 0.00047755484910770373,
    "std_rmse": 0.003964526860086567,
    "std_mae": 0.002730381513366406
}