{
    "mse": [
        0.002892386633902788,
        0.004154227674007416,
        0.004536638036370277,
        0.0041951462626457214
    ],
    "mae": [
        0.0411834754049778,
        0.04984351992607117,
        0.05190549045801163,
        0.04776478186249733
    ],
    "rmse": [
        0.05378091328624671,
        0.06445329839509702,
        0.06735456952850546,
        0.06476994876210511
    ],
    "mse_train": [
        0.002769413171336055,
        0.004022034350782633,
        0.004481444600969553,
        0.0040881396271288395
    ],
    "mae_train": [
        0.04030773788690567,
        0.04900849610567093,
        0.05154021084308624,
        0.04716422036290169
    ],
    "rmse_train": [
        0.05262521421653364,
        0.06341951080529266,
        0.06694359268047655,
        0.0639385613470372
    ]
}