{
    "mse": 0.0048927517833247305,
    "mae": 0.05255567329743552,
    "rmse": 0.06994820786356667,
    "mse_train": 0.004414258733456162,
    "mae_train": 0.050090680017750314,
    "rmse_train": 0.06643988812043682
}