{
    "mse": 0.007578298375601806,
    "mae": 0.06555730199056958,
    "rmse": 0.08705342253812774,
    "mse_train": 0.007282324412718732,
    "mae_train": 0.06423063499932276,
    "rmse_train": 0.08533653621233248
}