{
    "train_loss": [
        0.1444713787393684,
        0.039827857265605573,
        0.028211670328288318,
        0.02290977070484548,
        0.01979330322269271,
        0.017869516488838385,
        0.016367719156984636,
        0.015296716126613319,
        0.014425502929024081,
        0.013612831885767902,
        0.012971139386633133,
        0.012561568668349943,
        0.012020163230617787,
        0.0115659675991876,
        0.01124068502921294,
        0.010880702739938143,
        0.010593342713694623,
        0.010329978981431811,
        0.01000140992518356,
        0.00982989870913406,
        0.009624090318151928,
        0.009521600688768036,
        0.009250457517485669,
        0.009024601459423912,
        0.008925301292812096,
        0.00872748766956415,
        0.008667914611733262,
        0.008489612249677326,
        0.008421720034056442,
        0.008266398673282658,
        0.008177926607846104,
        0.008107351864925883,
        0.007946908875229829,
        0.00792546412521141,
        0.00782202580012381,
        0.0077671756425456324,
        0.007702929998173359,
        0.00758173618530062,
        0.007480595528366084,
        0.007455503701807019,
        0.0073793286165381045,
        0.007283061343998192,
        0.007297291552915456,
        0.007043704832656349,
        0.006996617933606452,
        0.006998706997887409,
        0.006484407562504899,
        0.006441354797409966,
        0.006445006851324851,
        0.006393274304734424,
        0.006351721651376562,
        0.006351520017562236,
        0.006308781399213253,
        0.006054547089003423,
        0.006032212085011316,
        0.006007329709431592,
        0.006040246801777802,
        0.005986407203500734,
        0.00594812397414105,
        0.005954429223648015,
        0.005931978237795386,
        0.0059170200021323215,
        0.005894696276803362,
        0.005894986009770172,
        0.005856824865406181,
        0.005736003813155471,
        0.005723169142816295,
        0.005712121595044006,
        0.005692081917275457,
        0.005713167589187542,
        0.005704328596116381,
        0.005626934990435442,
        0.005609015267877344,
        0.005614128952073132,
        0.005605427688235377,
        0.005594979803216584,
        0.0055971430946498155,
        0.00558779542359147,
        0.005584959208251948
    ],
    "valid_loss": [
        0.0326294901795567,
        0.01876251238383471,
        0.013119229085979954,
        0.011047099938704855,
        0.009726271166333131,
        0.008774872817513015,
        0.007517936347525508,
        0.0072394618357989994,
        0.007005189726543095,
        0.0070187554672537815,
        0.006264701504112472,
        0.00607823567568428,
        0.005379806202466762,
        0.005606921112519645,
        0.004890566325879523,
        0.0051231669328574625,
        0.0049804871280988055,
        0.0050125159027557525,
        0.004769372369443614,
        0.004640689001433433,
        0.0046156425036430835,
        0.0043239517503284985,
        0.004264921330595537,
        0.004571428622252175,
        0.003973620707198741,
        0.004547919065410655,
        0.004059109570724624,
        0.005277437712287619,
        0.0046965931431345994,
        0.004460418397294623,
        0.0035180432393052984,
        0.004199226689894521,
        0.003683449781780678,
        0.0039777243306623805,
        0.0034857040034636617,
        0.003680443823603647,
        0.003633301095327451,
        0.003867714619633579,
        0.0038603901870489592,
        0.0034650826423857656,
        0.0035926196908962634,
        0.003725056046812189,
        0.0038148500949203496,
        0.003987664842815508,
        0.0037213923550018717,
        0.003620652463434944,
        0.0031825230061446152,
        0.0040810414024495655,
        0.0036928757215805704,
        0.003375781751755211,
        0.0034465505224135187,
        0.0032384024086659626,
        0.0033084326238918397,
        0.0031016631595169506,
        0.0031594318552090536,
        0.003185988623752362,
        0.003157169661588139,
        0.0033863991894389667,
        0.003030819677939964,
        0.0032363848405934518,
        0.003230240733717524,
        0.0032370377069575683,
        0.003988535941711494,
        0.0034535106304766877,
        0.003183344318087967,
        0.0031210333090423356,
        0.0032734941979426714,
        0.0030956188279632774,
        0.003467986463672585,
        0.0030648128761510763,
        0.0035572941858498823,
        0.0030334031316525643,
        0.0032297147748370967,
        0.003076465685837089,
        0.003101977785783155,
        0.003205245578779824,
        0.0030296227916897763,
        0.003359975313605179,
        0.0032894708038795563
    ],
    "epoch_duration": [
        504.82400488853455,
        505.1951107978821,
        505.1803638935089,
        505.5683219432831,
        505.0394959449768,
        505.390105009079,
        504.83302664756775,
        504.57158184051514,
        504.2934982776642,
        504.779559135437,
        504.6655948162079,
        504.7982943058014,
        504.525358915329,
        504.81649518013,
        504.7773063182831,
        504.98207569122314,
        504.73485803604126,
        504.9765377044678,
        505.00573921203613,
        513.3096995353699,
        718.4280049800873,
        505.0175256729126,
        504.66942071914673,
        504.85193729400635,
        504.3688995838165,
        504.6619086265564,
        504.205548286438,
        504.51307797431946,
        504.2926411628723,
        504.733647108078,
        504.62059569358826,
        504.6921172142029,
        504.7527768611908,
        504.9382870197296,
        504.7705547809601,
        504.9943754673004,
        504.6876895427704,
        504.5670177936554,
        504.56525182724,
        504.771315574646,
        504.33481192588806,
        504.96068048477173,
        504.52517676353455,
        504.88245940208435,
        504.52404141426086,
        504.5472288131714,
        504.5430715084076,
        504.4788842201233,
        504.45188307762146,
        504.70556640625,
        503.98847007751465,
        504.56334829330444,
        504.4116508960724,
        504.86763978004456,
        504.3456041812897,
        504.4930398464203,
        504.12654209136963,
        504.73025369644165,
        504.377384185791,
        504.6932783126831,
        504.3966383934021,
        504.44024181365967,
        504.2928924560547,
        504.7569947242737,
        504.5422194004059,
        504.825900554657,
        504.6331133842468,
        504.62651205062866,
        504.40466499328613,
        504.7511968612671,
        504.5390188694,
        504.8213551044464,
        504.3329222202301,
        504.58175230026245,
        504.5234467983246,
        504.7557065486908,
        504.5666506290436,
        504.5489778518677,
        504.3594591617584
    ],
    "best_epoch": 59,
    "best_valid_loss": 0.003030819677939964,