{
    "train_loss": [
        0.1444713787393684
    ],
    "valid_loss": [
        0.0326294901795567
    ],
    "epoch_duration": [
        504.82400488853455
    ],
    "best_epoch": 1,
    "best_valid_loss": 0.0326294901795567,
    "lr": [
        0.001
    ]
}