{
    "train_loss": [
        0.1715030206288112,
        0.06191194740104231,
        0.04580883226020539,
        0.038206940378121876,
        0.033374040536186166,
        0.030475938469765984,
        0.02830349616805448,
        0.026478274631254534,
        0.024976909225013978,
        0.023872986505244005,
        0.0230618595106012,
        0.02227346110653053,
        0.021589728587485375,
        0.020897798631538417,
        0.020405029080451487,
        0.019914788684431226,
        0.01949180960853366,
        0.019119551449895224,
        0.018677122326211094,
        0.01837959395166724,
        0.01806759765926511,
        0.01779105665627867,
        0.017518860045226015,
        0.01722597474965485,
        0.01702595732987244,
        0.016702009662193186,
        0.01656045061734287,
        0.01637667667695341,
        0.01624509119280079,
        0.01601689694538475,
        0.015849417761622117,
        0.015733365462399385,
        0.015488407324424925,
        0.015401846578126734,
        0.015289782657922107,
        0.015166794574086337,
        0.014961351192199645,
        0.014866418187863174,
        0.014698704484196261,
        0.014637416689359445,
        0.01458380728999668,
        0.014420952538939867,
        0.014418208567881362,
        0.014294324670621056,
        0.014121938806443296,
        0.01414003657385152,
        0.013997138136046682,
        0.013928456997320532,
        0.013861418241000872,
        0.013747021939823443,
        0.01362618395285879,
        0.013665433690704882,
        0.013600421695415168,
        0.013545663172795258,
        0.01344426649503727,
        0.01343426066252621,
        0.013311896133831049,
        0.013251457799305307
    ],
    "valid_loss": [
        0.052636798382515,
        0.03228379979670521,
        0.025070835791883014,
        0.021766823272974717,
        0.019872289594440234,
        0.018110486020940165,
        0.01618623693606683,
        0.016076629094424703,
        0.01516655698743841,
        0.01455182931016362,
        0.013846970163285732,
        0.013381457761935299,
        0.013037117456810342,
        0.013035627473737038,
        0.012163166511094286,
        0.012415439577861911,
        0.012021605753236346,
        0.011957015967853958,
        0.01189359108222619,
        0.011770015397656059,
        0.011344582315475221,
        0.010825849359943754,
        0.011278623825914803,
        0.01080764460540007,
        0.011362242445881878,
        0.010752120210478703,
        0.010777284339484241,
        0.010262196817036186,
        0.010747641635437807,
        0.010657045650221998,
        0.00984489185632103,
        0.01031609649016034,
        0.009881520828616524,
        0.010106572408288245,
        0.009755850980235707,
        0.009880261362663336,
        0.009377453945547579,
        0.009800762211578705,
        0.00956118177430379,
        0.009603144966864161,
        0.009418284590725624,
        0.009277351244929292,
        0.009449635340373904,
        0.009553206204954121,
        0.009283419949786058,
        0.009132961857147397,
        0.009787204228193751,
        0.009078789931086321,
        0.009037376858205312,
        0.00908064318539959,
        0.009470293897071056,
        0.008937721066768206,
        0.008748656427044244,
        0.009246067273327045,
        0.00899580322826902,
        0.009327723774024181,
        0.009099104249524691,
        0.009033067894744732
    ],
    "epoch_duration": [
        504.39316296577454,
        504.8859088420868,
        504.72721219062805,
        504.7309718132019,
        504.77526473999023,
        505.05774307250977,
        504.6092083454132,
        504.4068548679352,
        503.64624285697937,
        504.17663955688477,
        504.3171601295471,
        504.2907073497772,
        504.03251457214355,
        503.66165828704834,
        503.3367784023285,
        503.3863670825958,
        503.246572971344,
        503.4646940231323,
        504.21542477607727,
        503.50453877449036,
        503.8416349887848,
        503.9671461582184,
        504.1982755661011,
        504.21956038475037,
        504.07433700561523,
        503.8129732608795,
        503.43699884414673,
        505.76929116249084,
        640.5859093666077,
        668.2669599056244,
        669.2204983234406,
        637.1298241615295,
        504.65271162986755,
        513.5230250358582,
        513.2852368354797,
        504.0421211719513,
        503.6377274990082,
        504.6105797290802,
        503.8451554775238,
        565.6156558990479,
        666.8804445266724,
        666.8708355426788,
        667.5554385185242,
        553.1681792736053,
        503.6111149787903,
        503.6133267879486,
        504.31776452064514,
        503.53996896743774,
        504.3621063232422,
        506.6993989944458,
        503.5027298927307,
        503.83276414871216,
        504.18412494659424,
        708.501208782196,
        738.2149884700775,
        577.6910626888275,
        594.4060697555542,
        513.9004292488098
    ],
    "best_epoch": 53,
    "best_valid_loss": 0.008748656427044244,
    "lr": [
        0.001,
        0.001,
        0.001,
        0.001,
        0.001,
        0.001,
        0.001,
        0.001,
        0.001,
        0.001,
        0.001,
        0.001,
        0.001,
        0.001,
        0.001,
        0.001,
        0.001,
        0.001,
        0.001,
        0.001,
        0.001,
        0.001,
        0.001,
        0.001,
        0.001,
        0.001,
        0.001,
        0.001,
        0.001,
        0.001,
        0.001,
        0.001,
        0.001,
        0.001,
        0.001,
        0.001,
        0.001,
        0.001,
        0.001,
        0.001,
        0.001,
        0.001,
        0.001,
        0.001,
        0.001,
        0.001,
        0.001,
        0.001,
        0.001,
        0.001,
        0.001,
        0.001,
        0.001,
        0.001,
        0.001,
        0.001,
        0.001,
        0.001
    ]
}