{
    "mse": [
        0.009994779380836658,
        0.009301933127322368,
        0.012834390359265464,
        0.017581850356821502,
        0.005271480318957141,
        0.006440918925883514,
        0.013832187812243189,
        0.01141239410000188,
        0.005913737096956798,
        0.004980062833055854,
        0.007423251335109983,
        0.004943888867273927,
        0.010148101087127413,
        0.01268528016018016,
        0.00608420924150518,
        0.010490094511104482,
        0.0070350803434848785,
        0.011041236243077688,
        0.009461495958800827,
        0.00832702884716647
    ],
    "rmse": [
        0.09997389349643565,
        0.09644652988740636,
        0.11328896839174353,
        0.13259656992856755,
        0.0726049607048798,
        0.08025533580942462,
        0.1176103218779848,
        0.106828807444443,
        0.07690082637369249,
        0.07056956024417223,
        0.08615829231774491,
        0.07031279305555943,
        0.10073778381087908,
        0.11262894903256515,
        0.07800134128016761,
        0.10242116241824481,
        0.08387538580230125,
        0.10507728699903555,
        0.0972702213362385,
        0.09125255529116141
    ],
    "mae": [
        0.07253953814506531,
        0.07132049490298543,
        0.08264644869736262,
        0.0897653480725629,
        0.054405772792441506,
        0.05924437088625772,
        0.08477757338966642,
        0.07929185032844543,
        0.05629762741071837,
        0.05282017482178552,
        0.06315568355577332,
        0.05226175274167742,
        0.0734350782419954,
        0.0824573848928724,
        0.05804681086114475,
        0.07468044544969286,
        0.061166975115026744,
        0.07783637302262443,
        0.0702872286949839,
        0.06714765088898796
    ],
    "std_mse": 0.0032911721238546043,
    "std_rmse": 0.016863957509536055,
    "std_mae": 0.011253249331536298
}