{
    "train_loss": [
        0.1771902903082206,
        0.07188436239363348,
        0.054695329955838465,
        0.04620389481808277
    ],
    "valid_loss": [
        0.05733786712563227,
        0.03738034575704544,
        0.02981654303296218,
        0.026167931242121592
    ],
    "epoch_duration": [
        506.0460579395294,
        506.28479290008545,
        506.5132853984833,
        506.6060311794281
    ],
    "best_epoch": 4,
    "best_valid_loss": 0.026167931242121592
}