{
    "mse": 0.009345653271006922,
    "mae": 0.0736966056837922,
    "rmse": 0.09667291901565259,
    "mse_train": 0.009056099809389165,
    "mae_train": 0.07255056136822764,
    "rmse_train": 0.09516354243821089
}