{
    "train_loss": [
        0.26154024627535266,
        0.09160719213492059,
        0.06337474777977517,
        0.05197377083823085,
        0.044773407121922106,
        0.04050302458927035,
        0.03714534572939923,
        0.034669935827123674,
        0.032861008452489335,
        0.03159767216903732,
        0.030521383177132367,
        0.028847755695831902,
        0.02816794414885659,
        0.0274548387907921,
        0.02632910190051065,
        0.026081728332854333,
        0.025566113513319732,
        0.024779961112529992,
        0.02449399416651973,
        0.024080198659422868,
        0.02336561210215726,
        0.023102343731381474,
        0.022667442076898952,
        0.022257897155755695,
        0.021746008686642063,
        0.021330505550066207,
        0.020705899441654376,
        0.02001107595068343,
        0.019917076047351386,
        0.01934678081244706,
        0.019122576489648286,
        0.018729812772746417,
        0.018447022449145926,
        0.018320447869321452,
        0.01756716501760356,
        0.017548775577798804,
        0.01722744663563022,
        0.01693747790054755,
        0.01668441774412752,
        0.01421326961853799,
        0.013860279117076796,
        0.0137620254325621,
        0.01363889126731281,
        0.013573284275790161,
        0.013530273421449548,
        0.013456624769110312,
        0.013395986376092472,
        0.013377614388678303,
        0.01329008070008948,
        0.013261016800088133,
        0.013202087027317982,
        0.013143360401761341,
        0.013126732278714312,
        0.013061479551400593,
        0.013004724941949578,
        0.012962226733624776,
        0.012688359592426965,
        0.01264904185564832,
        0.01263632259252382,
        0.012617723617524385,
        0.012605293245213305,
        0.012616831888543798,
        0.01261487206384698,
        0.012614329580831876,
        0.01256218401001806
    ],
    "valid_loss": [
        0.10748219158914354,
        0.054727842883458215,
        0.03896184205003674,
        0.03442914182290671,
        0.03175145329996234,
        0.02870555745349044,
        0.023813584154205664,
        0.022627147801575206,
        0.027823766900433436,
        0.02183135641768338,
        0.02015445130832848,
        0.020265589335135052,
        0.018977333481113117,
        0.019019898175010607,
        0.017419143801643736,
        0.01846355985524872,
        0.017038935677163185,
        0.017106962412418353,
        0.017992358351688064,
        0.016823971023162205,
        0.016066671164321995,
        0.015463199008197065,
        0.015821027961219588,
        0.017302945189710175,
        0.01564478161670859,
        0.015620660598552416,
        0.016175597078270383,
        0.015294033058342479,
        0.0162182503291184,
        0.01601265228929974,
        0.015654025458922936,
        0.016293208225674573,
        0.01651725610570302,
        0.017332564898958756,
        0.017215713075110838,
        0.017903566197861754,
        0.015655949837454254,
        0.017395058092439457,
        0.01620628097878089,
        0.01588117037825878,
        0.015627411305017415,
        0.01512489067242732,
        0.01484001727242555,
        0.015200453899091198,
        0.014341124813885444,
        0.01498770375277788,
        0.015098847286213957,
        0.016134720303059097,
        0.015423731737962318,
        0.01547822074609853,
        0.014822747802273148,
        0.015089527142071535,
        0.014969482574434508,
        0.014859803065302827,
        0.01501368706129373,
        0.015500296365528826,
        0.015079218280752973,
        0.015007764396686402,
        0.014847130743816259,
        0.015139759969084508,
        0.014474106841676292,
        0.014871874757643257,
        0.014806467418869337,
        0.014955827618934332,
        0.01485736786373078
    ],
    "epoch_duration": [
        506.038227558136,
        506.3333737850189,
        506.409471988678,
        506.656152009964,
        506.48834562301636,
        506.6064853668213,
        506.42836260795593,
        505.79416394233704,
        505.5978467464447,
        505.83497881889343,
        505.9957768917084,
        505.8995702266693,
        505.95365715026855,
        506.06297612190247,
        506.07919001579285,
        505.99308466911316,
        505.9429578781128,
        506.02630257606506,
        505.89710998535156,
        506.00895142555237,
        505.84722542762756,
        505.92170906066895,
        505.93035411834717,
        505.92123913764954,
        505.7508602142334,
        506.03230023384094,
        505.73363280296326,
        505.74109649658203,
        505.70266103744507,
        505.7983343601227,
        505.8191304206848,
        505.91844964027405,
        505.96042370796204,
        506.0494005680084,
        506.01056575775146,
        505.886403799057,
        505.65506052970886,
        505.74201226234436,
        505.88552498817444,
        505.9150025844574,
        505.7613067626953,
        506.0270485877991,
        505.8058295249939,
        505.9009382724762,
        505.964759349823,
        505.8634178638458,
        506.00057673454285,
        505.83097290992737,
        505.9907720088959,
        506.03809237480164,
        505.63600635528564,
        505.7732071876526,
        505.8899600505829,
        505.9612305164337,
        505.9075810909271,
        505.8639211654663,
        505.6142067909241,
        505.9532504081726,
        506.00632548332214,
        505.9825565814972,
        505.8931257724762,
        505.7921872138977,
        505.81091594696045,
        505.97395849227905,
        505.84267115592957
    ],
    "best_epoch": 45,
    "best_valid_loss": 0.014341124813885444
}