{
    "mse": 0.0015393159470506131,
    "mae": 0.02904904212447859,
    "rmse": 0.03923411713102021,
    "mse_train": 0.001163178719852635,
    "mae_train": 0.025512911017706738,
    "rmse_train": 0.03410540602093215
}