{
    "mse": 0.009494586169557085,
    "mae": 0.07001750360405634,
    "rmse": 0.09744016712607324,
    "mse_train": 0.006356628011649554,
    "mae_train": 0.058840238073087754,
    "rmse_train": 0.07972846424991237
}