{
    "mse": 0.002973279728192008,
    "mae": 0.040618456205323575,
    "rmse": 0.05452778858703155,
    "mse_train": 0.002403712140376422,
    "mae_train": 0.03679068071985657,
    "rmse_train": 0.049027667090903095
}