{
    "mse": [
        0.003257576426092003,
        0.002972282369488052,
        0.0033918190082269056,
        0.004297798915233996,
        0.0021226234634273817,
        0.00236541242338717,
        0.003738690766372851,
        0.003960287497778024,
        0.002212744821528239,
        0.002155266352929175,
        0.002517356404236385,
        0.0020165947498753667,
        0.0030727773971323457,
        0.003620883117296866,
        0.0023058044025674462,
        0.00332942877763084,
        0.0024707778689584564,
        0.0033240874763578176,
        0.002782593331565814,
        0.002651298851040857
    ],
    "rmse": [
        0.05707518222565744,
        0.0545186424032005,
        0.05823932527276484,
        0.06555759998073446,
        0.04607193791699435,
        0.048635505789363084,
        0.06114483433923794,
        0.06293081516854858,
        0.04703982165706243,
        0.046424846288697336,
        0.050173263838785544,
        0.044906511219146905,
        0.05543263837426779,
        0.06017377433148818,
        0.048018792181472515,
        0.05770120256659163,
        0.04970691972913285,
        0.05765489984691516,
        0.05275029224152047,
        0.05149076471602317
    ],
    "mae": [
        0.0419220897768225,
        0.04101200082472393,
        0.04380018051181521,
        0.047247371503285,
        0.03464363036411149,
        0.03659750973539693,
        0.0457826874085835,
        0.047603829098599296,
        0.03540667040007455,
        0.03518410133463996,
        0.03776481854064124,
        0.033722384699753354,
        0.04201070272496769,
        0.04526548087596893,
        0.03623207286000252,
        0.043462601623364856,
        0.03714630380272865,
        0.043629929423332214,
        0.03958968711750848,
        0.0387658029794693
    ],
    "std_mse": 0.0006523415074713739,
    "std_rmse": 0.0059800487847404635,
    "std_mae": 0.004304458585736473
}