{
    "mse": 0.00987606237842036,
    "mae": 0.07510536335896523,
    "rmse": 0.0993783798339476,
    "mse_train": 0.009960621661021117,
    "mae_train": 0.07554466149551754,
    "rmse_train": 0.09980291409082762
}