{
    "mse": 0.014457813430843609,
    "mae": 0.08835247123525256,
    "rmse": 0.12024064799743725,
    "mse_train": 0.012201239974138902,
    "mae_train": 0.08218953292816877,
    "rmse_train": 0.11045922312844185
}