{
    "mse": 0.0034846184476803516,
    "mae": 0.04467808788583156,
    "rmse": 0.05903065684608593,
    "mse_train": 0.00338750210257205,
    "mae_train": 0.044133539704799135,
    "rmse_train": 0.05820225169675182
}