{
    "mse": 0.02247237272205807,
    "rmse": 0.1499078807870289,
    "mae": 0.11151801392672554
}